{
  "min": 31.0,
  "max": 72.4,
  "p50": 48.2,
  "p90": 60.720000000000006,
  "p95": 63.75999999999999,
  "p99": 68.2,
  "count": 1529
}